<?xml version="1.0" encoding="UTF-8"?>
<project-private xmlns="http://www.netbeans.org/ns/project-private/1">
    <editor-bookmarks xmlns="http://www.netbeans.org/ns/editor-bookmarks/2" lastBookmarkId="0"/>
    <open-files xmlns="http://www.netbeans.org/ns/projectui-open-files/2">
        <group>
            <file>file:/C:/Users/MOUAD/Desktop/projet_JAVA_app_Web/Gestion_Parking/web/index.html</file>
            <file>file:/C:/Users/MOUAD/Desktop/projet_JAVA_app_Web/Gestion_Parking/web/script/sections.js</file>
            <file>file:/C:/Users/MOUAD/Desktop/projet_JAVA_app_Web/Gestion_Parking/web/script/places.js</file>
            <file>file:/C:/Users/MOUAD/Desktop/projet_JAVA_app_Web/Gestion_Parking/web/template/header.jsp</file>
            <file>file:/C:/Users/MOUAD/Desktop/projet_JAVA_app_Web/Gestion_Parking/web/Place.jsp</file>
            <file>file:/C:/Users/MOUAD/Desktop/projet_JAVA_app_Web/Gestion_Parking/web/Section.jsp</file>
        </group>
    </open-files>
</project-private>
